<?xml version="1.0" encoding="UTF-8"?>
 <beans xmlns="http://www.springframework.org/schema/beans"
    xmlns:xsi="http://www.w3.org/2001/XMLSchema-instance" xmlns:jsf="http://jsf.jd.com/schema/jsf"
    xsi:schemaLocation="http://www.springframework.org/schema/beans http://www.springframework.org/schema/beans/spring-beans.xsd
    http://jsf.jd.com/schema/jsf  http://jsf.jd.com/schema/jsf/jsf.xsd">
   
    <!-- 注册中心   192.168.150.121 i.jsf.jd.com  #测试index服务地址 -->
    <jsf:registry id="jsfRegistry" protocol="jsfRegistry" index="i.jsf.jd.com" />
    <!-- 服务端 -->
    <jsf:server id="jsf" protocol="jsf" port="9191" threads="16" threadpool="fixed" queuetype="normal" queues="1024" iothreads="2" epoll="${epoll}"/>
    
    <bean id="workerServiceJsf" class="com.jd.project.service.WorkerServiceJsf"/>
    <jsf:provider id="workerServer" interface="com.jd.project.server.FmTest" ref="workerServiceJsf" alias="base" />
    
	<jsf:consumer id="taskServer" interface="com.jd.cwbase.worker.zk.TaskManager" protocol="jsf" alias="base" timeout="10000" />
	<jsf:consumer id="ssoService" interface="com.jd.ssa.service.SsoService" protocol="jsf" alias="v1" timeout="10000"/>
	<jsf:consumer id="hrUserServiceJsf" interface="com.jd.official.omdm.is.hr.HrUserService"
	 	protocol="jsf" alias="HR_USER_SERVICE_JSF" timeout="30000" retries="0">
	</jsf:consumer>
	
</beans>