<?xml version="1.0" encoding="UTF-8"?>
<beans xmlns="http://www.springframework.org/schema/beans" xmlns:xsi="http://www.w3.org/2001/XMLSchema-instance" xmlns:jee="http://www.springframework.org/schema/jee" xmlns:tx="http://www.springframework.org/schema/tx"
	xmlns:context="http://www.springframework.org/schema/context" xmlns:jdbc="http://www.springframework.org/schema/jdbc" xmlns:aop="http://www.springframework.org/schema/aop"
	xsi:schemaLocation="http://www.springframework.org/schema/beans http://www.springframework.org/schema/beans/spring-beans-3.0.xsd http://www.springframework.org/schema/tx http://www.springframework.org/schema/tx/spring-tx-3.0.xsd http://www.springframework.org/schema/jee http://www.springframework.org/schema/jee/spring-jee-3.0.xsd http://www.springframework.org/schema/context http://www.springframework.org/schema/context/spring-context-3.0.xsd http://www.springframework.org/schema/jdbc http://www.springframework.org/schema/jdbc/spring-jdbc-3.0.xsd
     http://www.springframework.org/schema/aop http://www.springframework.org/schema/aop/spring-aop-3.0.xsd"
	default-lazy-init="false" default-autowire="byName">

	<!--数据源配置 start -->
	<bean id="dataSourceDbcp" class="org.apache.commons.dbcp.BasicDataSource" abstract="true">
		<property name="driverClassName" value="com.mysql.jdbc.Driver" />
		<property name="url" value="${pro.db.url}" />
		<property name="username" value="${pro.db.username}" />
		<property name="password" value="${pro.db.password}" />
		<property name="initialSize" value="5" />
		<property name="maxActive" value="20" />
		<property name="maxIdle" value="10" />
		<property name="minIdle" value="2" />
		<property name="maxWait" value="1800" />
		<property name="minEvictableIdleTimeMillis" value="300000" />
		<property name="timeBetweenEvictionRunsMillis" value="120000" />
		<property name="validationQuery" value="select 1" />
		<property name="testWhileIdle" value="true" />
		<property name="testOnBorrow" value="false" />
		<property name="testOnReturn" value="false" />
	</bean>
	
	<bean id="dataSourceDruid" class="com.alibaba.druid.pool.DruidDataSource" init-method="init" destroy-method="close" abstract="true">
		<property name="driverClassName" value="com.mysql.jdbc.Driver" />
		<property name="url" value="${pro.db.url}" />
		<property name="username" value="${pro.db.username}" />
		<property name="password" value="${pro.db.password}" />
		<!-- 配置监控统计拦截的filters，去掉后监控界面sql无法统计 -->
		<!--<property name="filters" value="stat"/> -->
		<!-- 最大并发连接数 -->
		<property name="maxActive" value="5" />
		<!-- 初始化连接数量 -->
		<property name="initialSize" value="2" />
		<!-- 获取连接等待超时的时间 -->
		<property name="maxWait" value="15000" />
		<!-- 最小空闲连接数 -->
		<property name="minIdle" value="2" />
		<!-- 间隔多久才进行一次检测，检测需要关闭的空闲连接，单位是毫秒 -->
		<property name="timeBetweenEvictionRunsMillis" value="60000" />
		<!-- 一个连接在池中最小生存的时间，单位是毫秒 -->
		<property name="minEvictableIdleTimeMillis" value="180000" />
		<!-- 用来检测连接是否有效的sql，要求是一个查询语句。 如果validationQuery为null，testOnBorrow、testOnReturn、 testWhileIdle都不会其作用 -->
		<property name="validationQuery" value="SELECT 1" />
		<property name="testWhileIdle" value="true" />
		<property name="testOnBorrow" value="false" />
		<property name="testOnReturn" value="false" />
		<!-- 当大于0时， poolPreparedStatements自动触发修改为true -->
		<property name="poolPreparedStatements" value="true" />
		<property name="maxOpenPreparedStatements" value="50" />
		<!-- 当程序存在缺陷时，申请的连接忘记关闭，这时候，就存在连接泄漏了，用来关闭长时间不使用的连接。建议怀疑存在泄漏之后再打开 -->
		<property name="removeAbandoned" value="false" />
		<!-- 1800 秒，也就是 30 分钟 -->
		<property name="removeAbandonedTimeout" value="1800" />
		<!-- 关闭 abanded 连接时输出错误日志 -->
		<property name="logAbandoned" value="false" />
		<property name="proxyFilters">
			<list>
				<ref bean="stat-filter" />
				<ref bean="log-filter" />
			</list>
		</property>
	</bean>
	
	<!-- 慢SQL记录 -->
	<bean id="stat-filter" class="com.alibaba.druid.filter.stat.StatFilter">
		<property name="mergeSql" value="true" />
		<property name="slowSqlMillis" value="5000" />
		<property name="logSlowSql" value="true" />
	</bean>
	
	<bean id="log-filter" class="com.alibaba.druid.filter.logging.Log4jFilter">
		<!-- <property name="resultSetLogEnabled" value="false" /> -->
		<!-- <property name="statementExecutableSqlLogEnable" value="true" /> -->
	</bean>
	
	<bean id="dataSource" parent="dataSourceDruid"/>
	<bean id="transactionManager" class="org.springframework.jdbc.datasource.DataSourceTransactionManager">
		<property name="dataSource" ref="dataSource" />
	</bean>
	<!-- 使用annotation定义事务 -->
	<tx:annotation-driven transaction-manager="transactionManager" proxy-target-class="true"/>
	
</beans>