<?xml version="1.0" encoding="UTF-8"?>
<beans xmlns="http://www.springframework.org/schema/beans"
	xmlns:xsi="http://www.w3.org/2001/XMLSchema-instance" xmlns:context="http://www.springframework.org/schema/context"
	xmlns:jsf="http://jsf.jd.com/schema/jsf"
	xsi:schemaLocation="http://www.springframework.org/schema/beans http://www.springframework.org/schema/beans/spring-beans.xsd
		http://www.springframework.org/schema/context http://www.springframework.org/schema/context/spring-context-3.0.xsd
		http://jsf.jd.com/schema/jsf  http://jsf.jd.com/schema/jsf/jsf.xsd">

	<!-- jimdb任务二级驱动：无二级驱动需求可不配置 -->
	<!-- <bean id="jimDbSecondDrive" class="com.jd.cwbase.worker.secondDrive.JimDbSecondDrive"> -->
	<!-- <constructor-arg index="0" ref="jimClient" /> -->
	<!-- 二级驱动线程数 -->
	<!-- <constructor-arg index="1" value="10" /> -->
	<!-- 每个WORKER本地缓存队列长度 -->
	<!-- <constructor-arg index="2" value="200" /> -->
	<!-- </bean> -->

	<!-- 任务驱动存储DB[MYSQL]实现 -->
	<bean id="mysqlTaskWorkerOperate"
		class="com.jd.cwbase.worker.mySqlmpl.operare.MysqlTaskWorkerOperate">
		<!-- 任务分表数 -->
		<constructor-arg index="0" value="5" />
		<!-- 任务表名称自定义前缀 -->
		<constructor-arg index="1" value="cust_worker" />
		<!-- 【非必须项】二级驱动类：不启动二级驱动可不配置 -->
		<!-- <property name="secondDrive" ref="jimDbSecondDrive" /> -->
		<!-- 【必须项】dao属性通过byName注入:通过mybatis自动代理，代理生成参考上面配置文件：com.jd.cwbase.worker.mySqlmpl.dao.MysqlWorkerDao -->
		<!-- <property name="mysqlWorkerDao" ref="mysqlWorkerDao"/> -->
	</bean>

	<bean class="com.jd.cwbase.worker.workUtil.WorkerQuartzUtil">
		<!-- 应用名称唯一标示 -->
		<property name="appId" value="fmsDemo" />
		<!-- 同IP区分标示 -->
		<property name="applicationId" value="wk" />
		<!-- 配置信息本地备份路径 -->
		<property name="localBakFilePath" value="/export/data/new-caiwu-basewk" />
		<property name="taskManager" ref="taskServer" />
		<!-- 任务引擎自动搜索根目录,任务类需要实现CycleWorkerEngine或者MysqlTaskWorkerEngine接口 -->
		<property name="basePackages" value="com.jd.project.workerengine" />
	</bean>

</beans>