<?xml version="1.0" encoding="UTF-8"?>
<beans xmlns="http://www.springframework.org/schema/beans"
	xmlns:xsi="http://www.w3.org/2001/XMLSchema-instance" xmlns:mvc="http://www.springframework.org/schema/mvc"
	xmlns:util="http://www.springframework.org/schema/util" xmlns:context="http://www.springframework.org/schema/context"
	xsi:schemaLocation="http://www.springframework.org/schema/beans http://www.springframework.org/schema/beans/spring-beans-3.1.xsd
	    http://www.springframework.org/schema/context http://www.springframework.org/schema/context/spring-context-3.1.xsd
	    http://www.springframework.org/schema/mvc http://www.springframework.org/schema/mvc/spring-mvc-3.1.xsd
	    http://www.springframework.org/schema/util http://www.springframework.org/schema/util/spring-util-3.1.xsd">


	<!-- locale related -->
	<!-- 该配置会覆盖浏览器设置的语言设置,注释掉,国际化以浏览器配置的首选语言为准 -->
	<!-- <bean id="localeResolver" -->
	<!-- class="org.springframework.web.servlet.i18n.CookieLocaleResolver"> -->
	<!-- <property name="cookieName" value="_clientlocale" /> -->
	<!-- <property name="defaultLocale" value="zh_CN" /> -->
	<!-- <property name="cookieMaxAge" value="2147483647" /> -->
	<!-- </bean> -->

	<!-- Access resource bundles with the specified basename -->
	<bean id="messageSource" class="com.jd.common.springmvc.CustMessageSource">
		<property name="basenames" value="/WEB-INF/message/message" />
		<property name="locales">
			<array>
				<value>zh</value>
				<value>en</value>
				<value>zh_CN</value>
				<value>en_Gb</value>
				<value>en_US</value>
			</array>
		</property>
		<property name="defaultLocal" value="zh" />
	</bean>
</beans>