<?xml version="1.0" encoding="UTF-8"?>
<beans xmlns="http://www.springframework.org/schema/beans"
	xmlns:xsi="http://www.w3.org/2001/XMLSchema-instance" xmlns:mvc="http://www.springframework.org/schema/mvc"
	xmlns:util="http://www.springframework.org/schema/util" xmlns:context="http://www.springframework.org/schema/context"
	xsi:schemaLocation="http://www.springframework.org/schema/beans http://www.springframework.org/schema/beans/spring-beans-3.1.xsd
	    http://www.springframework.org/schema/context http://www.springframework.org/schema/context/spring-context-3.1.xsd
	    http://www.springframework.org/schema/mvc http://www.springframework.org/schema/mvc/spring-mvc-3.1.xsd
	    http://www.springframework.org/schema/util http://www.springframework.org/schema/util/spring-util-3.1.xsd">

	<!-- url related -->
	<util:map id="_velocityTools">
		<entry key="checkUtil">
			<bean class="com.jd.common.util.CheckUtil"/>
		</entry>
		<entry key="moneyUtil">
			<bean class="com.jd.common.util.MoneyFormatUtil"/>
		</entry>
		<entry key="dateUtil">
			<bean class="com.jd.common.util.DateUtil"/>
		</entry>
		<entry key="homeModule">
			<bean class="com.jd.common.web.url.UrlBuilder">
				<constructor-arg value="http://${pro.webapp.domain.name}/" />
			</bean>
		</entry>
		<entry key="stringUtils">
			<bean class="org.apache.commons.lang.StringUtils" />
		</entry>
		<entry key="stringEscapeUtils">
			<bean class="org.apache.commons.lang.StringEscapeUtils" />
		</entry>
		<entry key="dateUtils">
			<bean class="com.jd.common.util.JdDateUtil" />
		</entry>
		<entry key="localHost">
			<bean class="com.jd.common.network.LocalHost" />
		</entry>
		<entry key="amountFormat">
			<bean class="com.jd.common.util.AmountUtil" />
		</entry>
		<entry key="logUtil">
			<bean class="com.jd.common.util.LogUtil" />
		</entry>
		<entry key="logInfo">
			<bean class="com.jd.project.util.Loginfo" />
		</entry>
		<entry key="messageSource" value-ref="messageSource"/>
	</util:map>

	<!-- excel导出使用视图 -->
	<bean id="excleResolver"
		class="org.springframework.web.servlet.view.BeanNameViewResolver" />

	<!-- template view -->
	<bean id="velocityConfig"
		class="org.springframework.web.servlet.view.velocity.VelocityConfigurer">
		<property name="resourceLoaderPath" value="/WEB-INF/vm/" />
		<property name="velocityProperties">
			<props>
				<prop key="input.encoding">UTF-8</prop>
				<prop key="output.encoding">UTF-8</prop>
				<prop key="contentType">text/html;charset=UTF-8</prop>
				<prop key="velocimacro.library">macro.vm</prop>
			</props>
		</property>
	</bean>
	<bean id="velocityViewResolver"
		class="org.springframework.web.servlet.view.velocity.VelocityLayoutViewResolver">
		<property name="layoutUrl" value="layout/default.vm" />
		<property name="cache" value="false" />
		<property name="suffix" value=".vm" />
		<property name="requestContextAttribute" value="rc" />
		<property name="exposeSpringMacroHelpers" value="true" />
		<property name="dateToolAttribute" value="dateTool" />
		<property name="numberToolAttribute" value="numberTool" />
		<!-- Merge urlBuilderMap to view context for convenience. You can put your 
			tools which must be thread safe. -->
		<property name="attributesMap" ref="_velocityTools" />
		<property name="contentType" value="text/html;charset=UTF-8" />
	</bean>

	<!-- exception related -->
	<!-- all exception handler will be registered by DispatcherServlet default 
		(detectAllHandlerExceptionResolvers=true) -->
	<bean
		class="org.springframework.web.servlet.handler.SimpleMappingExceptionResolver">
		<property name="defaultErrorView" value="error" />
		<property name="exceptionMappings">
			<props>
				<prop key="com.jd.common.hrm.IllegalHrmPrivilegeException">error</prop>
			</props>
		</property>
	</bean>

	<!-- file upload related -->
	<bean id="multipartResolver"
		class="org.springframework.web.multipart.commons.CommonsMultipartResolver">
		<property name="defaultEncoding" value="UTF-8" />
		<property name="maxUploadSize" value="5000000" />
	</bean>

	<!-- locale related -->
	<!-- 该配置会覆盖浏览器设置的语言设置,注释掉,国际化以浏览器配置的首选语言为准 -->
<!-- 	<bean id="localeResolver" -->
<!-- 		class="org.springframework.web.servlet.i18n.CookieLocaleResolver"> -->
<!-- 		<property name="cookieName" value="_clientlocale" /> -->
<!-- 		<property name="defaultLocale" value="zh_CN" /> -->
<!-- 		<property name="cookieMaxAge" value="2147483647" /> -->
<!-- 	</bean> -->
	
	<!-- Access resource bundles with the specified basename -->
    <bean id="messageSource" class="com.jd.common.springmvc.CustMessageSource">
		<property name="basenames" value="/WEB-INF/message/message"/>
		<property name="locales">
			<array>
				<value>zh</value>
				<value>en</value>
				<value>zh_CN</value>
				<value>en_Gb</value>
				<value>en_US</value>
			</array>
		</property>
		<property name="defaultLocal" value="zh"/>
	</bean>

	<!-- 根据客户端的不同的请求决定不同的view进行响应, 如 /blog/1.json /blog/1.xml -->
	<bean class="org.springframework.web.servlet.view.ContentNegotiatingViewResolver">
		<!-- 设置为true以忽略对Accept Header的支持 -->
		<property name="ignoreAcceptHeader" value="true" />
		<!-- 在没有扩展名时即: "/user/1" 时的默认展现形式 -->
		<property name="defaultContentType" value="text/html" />
		<!-- 扩展名至mimeType的映射,即 /user.json => application/json -->
		<property name="mediaTypes">
			<map>
				<entry key="json" value="application/json" />
			</map>
		</property>
		<property name="viewResolvers">
			<list>
				<ref bean="velocityViewResolver" />
			</list>
		</property>
		<property name="defaultViews">
			<list>
				<!-- for application/json -->
				<bean class="com.jd.common.springmvc.view.CustMappingJacksonJsonView" />
			</list>
		</property>
	</bean>

	<bean id="conversionService"
		class="org.springframework.format.support.FormattingConversionServiceFactoryBean">
		<property name="formatterRegistrars">
			<bean class="com.jd.common.springmvc.converter.DefaultFormatterRegistrar" />
		</property>
		<property name="converters">
			<list>
				<bean class="com.jd.common.springmvc.converter.StringToDateConverter">
					<constructor-arg value="yyyy-MM-dd HH:mm:ss"></constructor-arg>
				</bean>
			</list>
		</property>
	</bean>
	<!-- spring mvc related -->
	<!-- 配置校验器 -->
	<bean id="validator" class="org.springframework.validation.beanvalidation.LocalValidatorFactoryBean">
	    <!-- 校验器，使用hibernate校验器 -->
	    <property name="providerClass" value="org.hibernate.validator.HibernateValidator"/>
	    <!-- 指定校验使用的资源文件，在文件中配置校验错误信息，如果不指定则默认使用classpath下面的ValidationMessages.properties文件 -->
	    <property name="validationMessageSource" ref="messageSource"/>
	</bean>
	
	<!-- JSR-303 support will be detected on classpath and enabled automatically -->
	<mvc:annotation-driven conversion-service="conversionService" validator="validator"/>

	<mvc:default-servlet-handler />

	<bean id="logoutUrl" class="java.lang.String">
		<constructor-arg index="0" value="${pro.uim.logoutUrl}" />
	</bean>

	<!-- Spring mvc 单点登录拦截器bean -->
	<bean id="hrmPrivilegeHelper" class="com.jd.common.hrm.HrmPrivilegeHelper">
		<property name="uimKey" value="${pro.uim.key}" />
		<property name="uimToken" value="${pro.uim.token}" />
		<property name="uimUrl" value="${pro.uim.url}" />
	</bean>

	<!-- Spring mvc 单点登录拦截器bean -->
	<bean id="springSSOInterceptor_run"
		class="com.jd.common.springmvc.interceptor.SpringSSOInterceptor"
		init-method="initialize">
		<property name="appDomainName" value="${pro.webapp.domain.name}" />
		<property name="appHomeUrl" value="http://${pro.webapp.domain.name}/" />
		<property name="loginUrl" value="${pro.login.address}" />
		<property name="ssoDomainName" value="${pro.sso.auth.cookie.domain}" />
		<property name="excludePath" value="${pro.sso.exclude.path}" />
		<property name="ssoService" ref="ssoService" />
	</bean>
	<bean id="springSSOInterceptor_test"
		class="com.jd.common.springmvc.interceptor.TestLoginContextInterceptor">
	</bean>
	
	<!-- Spring mvc 权限拦截器bean -->
	<bean id="springAuthorizationInterceptor"
		class="com.jd.common.springmvc.interceptor.SpringAuthorizationInterceptor">
		<property name="hrmPrivilegeHelper" ref="hrmPrivilegeHelper" />
	</bean>
		
	<!-- url mapping with interceptor -->
	<mvc:interceptors>
		<mvc:interceptor>
			<mvc:mapping path="/**" />
			<ref bean="springSSOInterceptor_${runProType}" />
		</mvc:interceptor>
	</mvc:interceptors>

	<bean id="sqlTypes" class="java.util.HashMap">
		<constructor-arg>
			<map>
				<entry key="bigint" value="Long" />
				<entry key="tinyint" value="Integer" />
				<entry key="smallint" value="Integer" />
				<entry key="int" value="Integer" />
				<entry key="varchar" value="String" />
				<entry key="tinytext" value="String" />
				<entry key="text" value="String" />
				<entry key="longtext" value="String" />
				<entry key="datetime" value="Date" />
				<entry key="date" value="Date" />
				<entry key="decimal" value="BigDecimal" />
				<entry key="double" value="Double" />
				<entry key="float" value="Float" />
				<entry key="char" value="char" />
				<entry key="timestamp" value="Date"></entry>
			</map>
		</constructor-arg>
	</bean>
</beans>