<?xml version="1.0" encoding="UTF-8"?>
<beans xmlns="http://www.springframework.org/schema/beans" xmlns:xsi="http://www.w3.org/2001/XMLSchema-instance" xmlns:jaxws="http://cxf.apache.org/jaxws" xmlns:jaxrs="http://cxf.apache.org/jaxrs"
	xsi:schemaLocation="http://www.springframework.org/schema/beans http://www.springframework.org/schema/beans/spring-beans.xsd
		http://cxf.apache.org/jaxws http://cxf.apache.org/schemas/jaxws.xsd
		http://cxf.apache.org/jaxrs http://cxf.apache.org/schemas/jaxrs.xsd">

	<import resource="classpath*:META-INF/cxf/cxf.xml" />
	<import resource="classpath*:META-INF/cxf/cxf-extension-soap.xml" />
	<import resource="classpath*:META-INF/cxf/cxf-extension-jaxrs-binding.xml" />
	<import resource="classpath*:META-INF/cxf/cxf-servlet.xml" />

	<bean id="logIn" class="org.apache.cxf.interceptor.LoggingInInterceptor" />
	<bean id="logOut" class="org.apache.cxf.interceptor.LoggingOutInterceptor" />

	<!-- 发布 web service -->
	<bean id="SOAPDemoImpl" class="com.jd.common.demo.SOAPDemo" />
	<jaxws:endpoint implementor="#SOAPDemoImpl" address="/soapDemo">
		<jaxws:inInterceptors>
			<bean class="com.jd.common.interceptor.CheckSOAPHeaderIntercepter">
				<property name="authHeader">
					<bean class="com.jd.common.ws.AuthHeader">
						<property name="key" value="AuthenticationHeader" />
						<property name="qName" value="http://tempuri.org/" />
						<property name="content" value="content" />
						<property name="seed" value="seed" />
					</bean>
				</property>
			</bean>
		</jaxws:inInterceptors>
	</jaxws:endpoint>

	<!--webservices client -->
	<jaxws:client id="SOAPDemoClient" address="http://fm-demo.test.jd.com/services/soapDemo" serviceClass="com.jd.common.demo.ISOAPDemo">
		<jaxws:outInterceptors>
			<bean class="com.jd.common.interceptor.SOAPHeaderIntercepter">
				<property name="authHeader">
					<bean class="com.jd.common.ws.AuthHeader">
						<property name="key" value="AuthenticationHeader" />
						<property name="qName" value="http://tempuri.org/" />
						<property name="content" value="content" />
						<property name="seed" value="seed" />
					</bean>
				</property>
			</bean>
		</jaxws:outInterceptors>
	</jaxws:client>

	<!-- REST demo -->
	<bean id="restDemo" class="com.jd.common.demo.RESTDemo" />

	<!-- 客户端需要通过这个地址来访问WebService -->
	<jaxrs:server id="restServiceContainer" address="/cxfrest">
		<jaxrs:serviceBeans>
			<ref bean="restDemo" />
		</jaxrs:serviceBeans>
		<jaxrs:extensionMappings>
			<entry key="json" value="application/json" />
			<entry key="xml" value="application/xml" />
		</jaxrs:extensionMappings>
		<jaxrs:providers>
			<bean class="org.codehaus.jackson.jaxrs.JacksonJsonProvider" />
		</jaxrs:providers>
		<jaxrs:inInterceptors>
			<bean class="com.jd.common.interceptor.CheckRESTHeaderIntercepter">
				<property name="authHeader">
					<bean class="com.jd.common.ws.AuthHeader">
						<property name="key" value="AuthenticationHeader" />
						<property name="content" value="content" />
						<property name="seed" value="seed" />
					</bean>
				</property>
			</bean>
		</jaxrs:inInterceptors>
	</jaxrs:server>
	<!-- 第一种客户端配置方式 start -->
	<jaxrs:client id="restClient" serviceClass="com.jd.common.demo.IRESTDemo" address="http://fm-demo.test.jd.com/services/cxfrest" inheritHeaders="true">
		<jaxrs:providers>
			<bean class="org.codehaus.jackson.jaxrs.JacksonJsonProvider" />
		</jaxrs:providers>
		<jaxrs:outInterceptors>
			<bean class="com.jd.common.interceptor.RESTHeaderIntercepter">
				<property name="authHeader">
					<bean class="com.jd.common.ws.AuthHeader">
						<property name="key" value="AuthenticationHeader" />
						<property name="content" value="content" />
						<property name="seed" value="seed" />
					</bean>
				</property>
			</bean>
		</jaxrs:outInterceptors>
	</jaxrs:client>
	
</beans>