<?xml version="1.0" encoding="UTF-8"?>
<beans xmlns="http://www.springframework.org/schema/beans"
	xmlns:xsi="http://www.w3.org/2001/XMLSchema-instance" xmlns:jee="http://www.springframework.org/schema/jee"
	xmlns:tx="http://www.springframework.org/schema/tx" xmlns:context="http://www.springframework.org/schema/context"
	xmlns:jdbc="http://www.springframework.org/schema/jdbc" xmlns:aop="http://www.springframework.org/schema/aop"
	xsi:schemaLocation="http://www.springframework.org/schema/beans http://www.springframework.org/schema/beans/spring-beans-3.0.xsd http://www.springframework.org/schema/tx http://www.springframework.org/schema/tx/spring-tx-3.0.xsd http://www.springframework.org/schema/jee http://www.springframework.org/schema/jee/spring-jee-3.0.xsd http://www.springframework.org/schema/context http://www.springframework.org/schema/context/spring-context-3.0.xsd http://www.springframework.org/schema/jdbc http://www.springframework.org/schema/jdbc/spring-jdbc-3.0.xsd
     http://www.springframework.org/schema/aop http://www.springframework.org/schema/aop/spring-aop-3.0.xsd"
	default-lazy-init="false" default-autowire="byName">

	<!--数据源配置 start -->
	<!--  务必不能改成sqlSessionFactory-->
	<bean id="projectSqlSessionFactory" class="org.mybatis.spring.SqlSessionFactoryBean">
		<property name="dataSource" ref="dataSource" />
		<property name="configLocation" value="classpath:mybatis-config.xml" />
		<property name="mapperLocations" value="classpath:com/jd/project/dao/*.xml, classpath:com/jd/cwbase/worker/mySqlmpl/dao/MysqlWorkerDao.xml" />
	</bean>
	<bean id="projectSqlSessionTemplate" class="org.mybatis.spring.SqlSessionTemplate">
		<constructor-arg index="0" ref="projectSqlSessionFactory" />
	</bean>
	<bean id="projectSqlSessionTemplateBatch" class="org.mybatis.spring.SqlSessionTemplate">
		<constructor-arg index="0" ref="projectSqlSessionFactory" />
		<constructor-arg index="1" value="BATCH" /> 
	</bean>
	<!--数据源配置 end -->
	
	<!-- 自动扫描 mapper 接口 -->
	<bean class="org.mybatis.spring.mapper.MapperScannerConfigurer">
		<property name="basePackage" value="com.jd.project.dao, com.jd.cwbase.worker.mySqlmpl.dao" />
		<property name="sqlSessionTemplateBeanName" value="projectSqlSessionTemplate" />
	</bean>
	<!-- 自动扫描 Convertale Enum转换类，并注册 type handler -->
	<bean class="com.jd.common.mybatis.ConvertableEnumTypeHandlerRegistry">
		<property name="basePackages" value="com.jd.project.custenum.domainTypeEnum" />
		<property name="sqlSessionFactoryBeanName" value="projectSqlSessionFactory" />
	</bean>
</beans>