<?xml version="1.0" encoding="UTF-8" ?>
<!DOCTYPE mapper PUBLIC "-//mybatis.org//DTD Mapper 3.0//EN" "http://mybatis.org/dtd/mybatis-3-mapper.dtd" >
<mapper namespace="com.jd.project.dao.WorkerDao">
	<sql id="column_sql">
		WORKER_ID AS workerId,
		APP_CODE AS appCode,
		WORKER_TYPE_CODE AS workerTypeCode,
		REF_OREDERS AS refOreders,
		FAIL_MAX_NUM AS failMaxNum,
		WORKER_STATUS AS workerStatus,
		APP_LOGO AS appLogo,
		MSG AS msg,
		PARTITIONID AS partitionId,
		USE_TIME AS useTime,
		CREATE_TIME AS createTime,
		UPDATE_TIME AS updateTime
    </sql>
	<insert id="saveWorker" parameterType="com.jd.project.domain.CustWorker"  useGeneratedKeys="true" keyProperty="workerId">
	    INSERT INTO worker_info(
	    	APP_CODE,
			WORKER_TYPE_CODE,
			REF_OREDERS,
			FAIL_MAX_NUM,
			WORKER_STATUS,
			APP_LOGO,
			MSG,
			PARTITIONID,
			USE_TIME,
			CREATE_TIME,
			UPDATE_TIME)
		VALUES(
			#{appCode},
			#{workerTypeCode},
			#{refOreders},
			#{failMaxNum},
			#{workerStatus},
			#{appLogo},
			#{msg},
			#{partitionId},
			#{useTime},
			#{createTime},
			#{updateTime}
		)
  	</insert>
  	<update id="update" parameterType="com.jd.project.domain.CustWorker">
  		UPDATE worker_info
  			SET WORKER_STATUS = #{workerStatus},
  			WORKER_TYPE_CODE = #{workerTypeCode},
  			APP_LOGO = #{appLogo},
  			UPDATE_TIME = #{updateTime}
  		WHERE WORKER_ID = #{workerId}
  			AND WORKER_STATUS = #{oldWorkerStatus}
  	</update>
    <sql id="dynamic_para">
    	<trim prefix="where" prefixOverrides="and">
	  		<if test="workerId != null">
	  			AND WORKER_ID = #{workerId}
	  		</if>
	  		<if test="appCode != null and appCode != ''">
	  			AND APP_CODE = #{appCode}
	  		</if>
	  		<if test="workerTypeCode != null and workerTypeCode != ''">
	  			AND WORKER_TYPE_CODE = #{workerTypeCode}
	  		</if>
	  		<if test="appLogo != null and appLogo != ''">
	  			AND APP_LOGO = #{appLogo}
	  		</if>
	  		<if test="refOreders != null and refOreders != ''">
	  			AND REF_OREDERS = #{refOreders}
	  		</if>
	  		<if test="workerStatus != null and workerStatus != 0">
	  			AND WORKER_STATUS = #{workerStatus}
	  		</if>
	  		<if test="startTime != null">
	  			AND <![CDATA[ CREATE_TIME > #{startTime}]]>
	  		</if>
	  		<if test="endTime != null">
	  			AND <![CDATA[ CREATE_TIME < #{endTime}]]>
	  		</if>
	  		<if test="msg != null and msg != ''">
	  			AND MSG LIKE '%'+#{msg}+'%'
	  		</if>
	  	</trim>
    </sql>
    <select id="getPageDateByPara" resultType="com.jd.project.domain.CustWorker" parameterType="java.util.Map">
		SELECT  <include refid="column_sql" />
		FROM worker_info
		<include refid="dynamic_para" />
		ORDER BY WORKER_ID DESC
		LIMIT #{startNum}, #{rows}
	</select>
	<select id="getPageCountByPara" resultType="int" parameterType="java.util.Map">
		SELECT COUNT(1) VALUE 
		FROM worker_info
		<include refid="dynamic_para" />
	</select>
	<select id="selectByKey" resultType="com.jd.project.domain.CustWorker" parameterType="long">
		SELECT <include refid="column_sql" />
		FROM worker_info
		WHERE WORKER_ID = #{workerId}
	</select>
	<select id="getMaxMin" resultType="map" parameterType="int">
		SELECT MAX(WORKER_ID) AS maxNum,
			MIN(WORKER_ID) AS minNum
		FROM worker_info
	</select>
	<update id="doDeleteExpiredWorker">
		DELETE FROM worker_info
		WHERE WORKER_ID &lt; #{maxNum}
		LIMIT #{limitNum}
	</update>
</mapper>