<?xml version="1.0" encoding="UTF-8"?>
<!DOCTYPE configuration
    PUBLIC "-//mybatis.org//DTD Config 3.0//EN"
    "http://mybatis.org/dtd/mybatis-3-config.dtd">
<configuration>
	<settings>
		<!-- changes from the defaults -->
		<setting name="lazyLoadingEnabled" value="false" />
	</settings>
	
	<plugins>
		<plugin interceptor="com.jd.common.mybatis.DaoLogPlugin">
			<property name="prefix" value="fmTask.dao."/>
			<property name="keyRex" value="com.jd.project.dao."/>
			<property name="umpAppName" value="report"/>
		</plugin>
	</plugins>
</configuration>
