<?xml version="1.0" encoding="UTF-8"?>
<beans xmlns="http://www.springframework.org/schema/beans"
	xmlns:xsi="http://www.w3.org/2001/XMLSchema-instance" xmlns:context="http://www.springframework.org/schema/context"
	xmlns:aop="http://www.springframework.org/schema/aop" xmlns:tx="http://www.springframework.org/schema/tx"
	xmlns:task="http://www.springframework.org/schema/task"
	xsi:schemaLocation="http://www.springframework.org/schema/beans http://www.springframework.org/schema/beans/spring-beans-3.0.xsd  
	    http://www.springframework.org/schema/context http://www.springframework.org/schema/context/spring-context-3.0.xsd  
	    http://www.springframework.org/schema/tx http://www.springframework.org/schema/tx/spring-tx-3.0.xsd  
	    http://www.springframework.org/schema/aop http://www.springframework.org/schema/aop/spring-aop-3.0.xsd
	    http://www.springframework.org/schema/task http://www.springframework.org/schema/task/spring-task-3.0.xsd"
	default-autowire="byName">
		
	<bean id="secProperties" class="com.jd.security.configsec.spring.config.JDSecurityPropertyFactoryBean">
		<property name="ignoreResourceNotFound" value="true" />
		<property name="secLocation" value="classpath:important.properties"/>
	</bean>
	
	<bean class="org.springframework.beans.factory.config.PropertyPlaceholderConfigurer">
		<property name="ignoreUnresolvablePlaceholders" value="true" />
		<property name="locations">
			<list>
				<value>classpath:production-${runProType}.properties</value>
			</list>
		</property>
		<property name="properties" ref="secProperties"/>
	</bean>
	
	<import resource="spring-config/jsf.xml" />
	<import resource="spring-config/spring-config-ws.xml" />
	<import resource="spring-config/spring-config-id.xml" />
	<import resource="spring-config/spring-config-base.xml" />
	<import resource="spring-config/spring-config-ds.xml" />
	<import resource="spring-config/spring-config-mvc.xml" />
	<import resource="spring-config/spring-config-monitor.xml" />
	
	<!-- 启动aspectj切面编程(规定：便于管理所有实现aspectj的切面类都配置在文件spring-config-monitor.xml，不能用@Component标注) -->
	<aop:aspectj-autoproxy />
	<!-- Annotation -->
	<context:annotation-config />
	<context:component-scan base-package="com.jd" />
	
	<bean class="com.jd.common.util.ApplicationContextUtil" />
		
	<bean id="umpUtil" class="com.jd.common.util.UmpUtil">
		<constructor-arg index="0" value="fmDemo.jvmKey" />
		<constructor-arg index="1" value="fmDemo.systemKey" />
	</bean>
	
</beans>
